task_id,operator_type,category,period,error_flag
1,new,living,after,0
2,experienced,electronics,after,0
3,experienced,electronics,before,1
4,experienced,living,before,0
5,new,fashion,before,0
6,new,living,after,0
7,new,living,after,0
8,experienced,fashion,before,0
9,experienced,living,before,0
10,experienced,living,after,0
11,new,living,after,1
12,experienced,fashion,before,0
13,experienced,electronics,after,0
14,new,electronics,before,0
15,new,fashion,before,1
16,new,electronics,after,0
17,new,living,before,0
18,experienced,electronics,after,0
19,experienced,living,after,0
20,new,electronics,after,0
21,experienced,fashion,before,0
22,new,electronics,before,0
23,new,electronics,before,0
24,new,electronics,after,0
25,experienced,fashion,after,0
26,experienced,electronics,after,0
27,new,fashion,after,0
28,experienced,living,after,0
29,experienced,electronics,after,0
30,new,fashion,before,0
31,experienced,fashion,before,0
32,new,electronics,after,0
33,new,living,before,0
34,experienced,fashion,before,0
35,experienced,electronics,after,0
36,experienced,living,after,0
37,new,fashion,before,1
38,new,fashion,after,0
39,experienced,living,after,0
40,experienced,living,before,0
41,new,electronics,before,1
42,experienced,electronics,before,0
43,new,fashion,after,1
44,experienced,living,after,0
45,new,living,after,0
46,experienced,living,after,0
47,new,fashion,before,0
48,experienced,living,before,0
49,experienced,living,after,0
50,new,fashion,before,1
51,experienced,electronics,before,0
52,experienced,electronics,before,0
53,experienced,fashion,before,0
54,experienced,living,before,0
55,experienced,fashion,before,0
56,experienced,electronics,before,0
57,new,electronics,before,0
58,new,fashion,after,0
59,new,fashion,after,0
60,new,electronics,before,0
61,new,fashion,after,1
62,new,electronics,before,0
63,experienced,fashion,after,0
64,new,fashion,after,0
65,new,fashion,after,0
66,experienced,electronics,after,0
67,new,fashion,before,0
68,experienced,electronics,before,0
69,new,electronics,after,0
70,experienced,fashion,before,0
71,experienced,fashion,before,0
72,new,electronics,after,1
73,new,electronics,after,0
74,experienced,living,after,0
75,experienced,electronics,before,0
76,experienced,living,after,0
77,experienced,living,before,0
78,new,living,before,0
79,new,fashion,after,0
80,new,fashion,before,0
81,experienced,electronics,before,0
82,experienced,living,after,0
83,new,fashion,before,0
84,new,fashion,before,0
85,new,fashion,before,0
86,new,fashion,before,0
87,experienced,fashion,before,1
88,experienced,living,after,1
89,experienced,living,after,0
90,experienced,living,before,0
91,new,living,after,0
92,experienced,electronics,before,0
93,experienced,living,before,0
94,experienced,fashion,after,0
95,experienced,living,before,0
96,experienced,electronics,after,0
97,experienced,fashion,before,0
98,experienced,living,after,0
99,new,living,before,0
100,new,living,before,0
101,new,fashion,before,0
102,experienced,fashion,after,0
103,new,electronics,after,0
104,experienced,fashion,after,0
105,experienced,fashion,before,0
106,new,living,before,0
107,experienced,fashion,before,0
108,experienced,living,after,0
109,new,living,after,0
110,new,fashion,before,1
111,new,electronics,after,0
112,new,electronics,before,1
113,experienced,fashion,after,0
114,experienced,electronics,after,1
115,experienced,living,before,0
116,experienced,living,before,0
117,experienced,fashion,after,0
118,new,electronics,after,0
119,experienced,electronics,after,0
120,experienced,living,after,0
121,experienced,fashion,before,0
122,experienced,electronics,after,0
123,new,fashion,after,0
124,new,electronics,after,0
125,new,living,before,0
126,experienced,living,before,0
127,experienced,fashion,before,0
128,experienced,living,before,0
129,new,electronics,before,1
130,experienced,living,before,0
131,experienced,fashion,before,1
132,new,fashion,before,0
133,new,fashion,after,0
134,new,electronics,before,0
135,experienced,electronics,before,0
136,new,electronics,before,1
137,experienced,electronics,before,0
138,experienced,electronics,after,0
139,new,living,before,0
140,experienced,electronics,after,0
141,experienced,electronics,after,0
142,new,living,after,0
143,experienced,electronics,after,0
144,new,fashion,after,0
145,new,electronics,after,0
146,new,electronics,before,0
147,experienced,fashion,before,0
148,experienced,fashion,after,0
149,new,fashion,before,0
150,new,fashion,before,0
151,experienced,electronics,after,0
152,new,fashion,after,0
153,new,fashion,before,0
154,experienced,living,after,0
155,experienced,fashion,before,0
156,new,fashion,after,0
157,experienced,living,before,0
158,experienced,living,before,0
159,new,electronics,after,0
160,experienced,living,before,0
161,new,electronics,after,1
162,experienced,living,before,0
163,experienced,living,before,0
164,experienced,electronics,after,0
165,new,living,before,1
166,experienced,electronics,before,0
167,new,living,before,0
168,new,fashion,after,0
169,new,living,after,0
170,experienced,electronics,after,0
171,experienced,living,before,0
172,new,electronics,before,1
173,experienced,electronics,before,0
174,new,fashion,after,0
175,experienced,fashion,before,0
176,new,electronics,after,0
177,experienced,living,before,1
178,new,electronics,after,0
179,experienced,electronics,after,0
180,new,living,after,0
181,new,living,before,0
182,new,living,before,0
183,experienced,living,before,0
184,experienced,electronics,before,1
185,new,electronics,before,0
186,experienced,fashion,after,0
187,experienced,electronics,before,0
188,experienced,living,after,0
189,experienced,fashion,after,0
190,new,living,before,0
191,new,electronics,after,0
192,experienced,fashion,before,0
193,experienced,living,before,1
194,experienced,fashion,before,0
195,new,fashion,after,0
196,new,electronics,before,0
197,experienced,living,before,0
198,experienced,fashion,after,0
199,experienced,fashion,before,0
200,experienced,living,after,0
201,experienced,fashion,after,0
202,new,fashion,after,0
203,new,fashion,before,0
204,experienced,living,before,0
205,experienced,living,before,0
206,new,living,before,0
207,new,living,before,0
208,experienced,electronics,before,0
209,new,fashion,after,0
210,new,living,after,1
211,experienced,fashion,before,0
212,experienced,fashion,before,0
213,experienced,electronics,before,0
214,new,living,before,0
215,experienced,living,after,1
216,new,fashion,after,0
217,new,living,after,1
218,experienced,fashion,after,0
219,experienced,fashion,after,1
220,experienced,electronics,after,1
221,experienced,electronics,before,0
222,experienced,electronics,after,0
223,new,fashion,before,0
224,new,living,before,0
225,new,electronics,before,0
226,new,living,before,1
227,experienced,electronics,after,0
228,new,electronics,before,1
229,experienced,fashion,before,0
230,experienced,electronics,before,0
231,experienced,electronics,after,0
232,experienced,fashion,before,0
233,experienced,living,after,0
234,experienced,electronics,after,0
235,new,fashion,after,1
236,experienced,electronics,after,0
237,new,fashion,before,0
238,new,living,before,0
239,experienced,living,after,0
240,new,fashion,before,0
241,experienced,fashion,before,0
242,experienced,fashion,after,0
243,experienced,living,before,0
244,new,electronics,after,0
245,new,living,before,1
246,experienced,fashion,after,0
247,experienced,fashion,after,0
248,experienced,living,after,0
249,experienced,fashion,before,0
250,experienced,living,after,0
251,new,fashion,after,0
252,new,electronics,before,0
253,experienced,electronics,before,0
254,new,fashion,after,0
255,new,living,after,0
256,experienced,electronics,before,0
257,experienced,living,after,0
258,experienced,fashion,before,0
259,experienced,living,before,0
260,new,electronics,after,0
261,experienced,living,after,0
262,experienced,living,after,0
263,new,fashion,after,1
264,experienced,fashion,before,0
265,experienced,fashion,before,0
266,experienced,electronics,before,0
267,experienced,electronics,after,0
268,experienced,fashion,after,0
269,new,fashion,before,0
270,new,electronics,before,0
271,experienced,electronics,before,0
272,experienced,electronics,after,0
273,experienced,electronics,before,0
274,experienced,fashion,before,0
275,experienced,electronics,after,0
276,experienced,fashion,after,0
277,experienced,living,after,0
278,experienced,living,after,0
279,experienced,electronics,before,0
280,experienced,living,after,0
281,experienced,living,after,0
282,new,living,after,1
283,new,electronics,before,0
284,new,electronics,before,0
285,experienced,living,before,0
286,new,fashion,before,0
287,experienced,living,after,0
288,experienced,electronics,before,0
289,new,electronics,before,0
290,experienced,electronics,before,0
291,new,living,before,0
292,new,fashion,before,1
293,experienced,electronics,before,0
294,new,electronics,before,0
295,new,living,after,1
296,experienced,fashion,after,0
297,experienced,living,before,0
298,new,electronics,after,0
299,experienced,fashion,after,0
300,new,fashion,after,0
301,new,electronics,before,0
302,experienced,fashion,before,0
303,experienced,fashion,before,0
304,experienced,living,before,0
305,experienced,electronics,before,1
306,experienced,electronics,after,0
307,experienced,electronics,before,0
308,new,electronics,before,0
309,experienced,electronics,after,0
310,new,fashion,before,0
311,experienced,living,after,0
312,new,electronics,after,0
313,new,living,after,0
314,experienced,living,after,0
315,experienced,fashion,before,1
316,experienced,electronics,after,0
317,experienced,fashion,after,0
318,new,electronics,after,0
319,new,fashion,before,1
320,new,living,after,0
321,experienced,electronics,before,0
322,experienced,living,after,1
323,experienced,living,before,1
324,new,fashion,after,0
325,experienced,electronics,after,0
326,experienced,living,before,0
327,experienced,fashion,before,0
328,experienced,electronics,before,0
329,experienced,electronics,after,0
330,new,living,after,0
331,new,electronics,after,0
332,experienced,living,after,0
333,new,electronics,after,0
334,new,fashion,before,0
335,new,living,before,0
336,new,living,after,0
337,experienced,electronics,before,0
338,experienced,electronics,before,0
339,experienced,living,before,0
340,new,electronics,before,0
341,experienced,fashion,after,0
342,experienced,electronics,before,0
343,new,fashion,after,0
344,experienced,fashion,before,0
345,new,fashion,before,0
346,experienced,fashion,before,0
347,experienced,fashion,after,0
348,new,electronics,after,0
349,new,fashion,after,0
350,experienced,electronics,after,0
351,experienced,fashion,after,0
352,experienced,living,after,0
353,experienced,fashion,after,0
354,new,living,after,0
355,new,fashion,before,0
356,experienced,fashion,after,0
357,new,fashion,after,0
358,experienced,living,after,0
359,experienced,living,before,1
360,experienced,fashion,after,0
361,new,electronics,after,0
362,experienced,fashion,before,0
363,experienced,living,after,0
364,experienced,fashion,before,0
365,experienced,living,before,0
366,new,living,before,0
367,experienced,living,before,0
368,experienced,fashion,after,1
369,new,living,before,1
370,new,living,before,0
371,new,fashion,before,0
372,new,living,before,0
373,new,fashion,before,0
374,experienced,living,after,0
375,new,electronics,before,1
376,new,electronics,after,1
377,experienced,living,after,0
378,new,electronics,before,0
379,experienced,fashion,after,0
380,new,electronics,before,0
381,new,living,before,0
382,experienced,living,before,0
383,experienced,fashion,before,0
384,experienced,living,after,0
385,experienced,fashion,after,0
386,experienced,electronics,before,0
387,new,electronics,after,0
388,new,fashion,before,0
389,experienced,fashion,after,0
390,experienced,living,before,0
391,experienced,electronics,before,0
392,experienced,fashion,before,0
393,new,electronics,before,0
394,experienced,fashion,after,0
395,new,electronics,after,0
396,experienced,living,before,0
397,experienced,electronics,after,0
398,experienced,electronics,after,1
399,experienced,electronics,after,0
400,experienced,electronics,before,1
401,new,electronics,before,0
402,experienced,living,after,0
403,experienced,fashion,after,0
404,experienced,electronics,before,0
405,new,living,before,0
406,experienced,electronics,before,0
407,new,electronics,after,0
408,new,fashion,after,0
409,experienced,electronics,before,0
410,new,living,after,0
411,new,living,after,0
412,experienced,fashion,after,0
413,experienced,electronics,after,0
414,experienced,living,after,0
415,experienced,electronics,before,0
416,experienced,electronics,after,0
417,new,electronics,before,0
418,new,fashion,before,0
419,experienced,electronics,before,0
420,experienced,living,before,1
421,experienced,electronics,before,0
422,experienced,living,before,0
423,new,electronics,after,1
424,experienced,living,before,0
425,new,living,after,0
426,experienced,electronics,before,0
427,experienced,electronics,after,0
428,experienced,living,after,0
429,new,fashion,before,0
430,new,electronics,after,0
431,new,fashion,after,1
432,experienced,electronics,after,0
433,experienced,electronics,after,0
434,new,electronics,after,0
435,new,electronics,after,0
436,experienced,fashion,before,0
437,new,electronics,before,1
438,experienced,living,after,0
439,experienced,living,before,0
440,new,fashion,before,0
441,new,electronics,before,0
442,experienced,living,before,0
443,new,fashion,after,0
444,new,electronics,before,0
445,experienced,living,before,0
446,experienced,living,after,0
447,experienced,fashion,after,0
448,experienced,electronics,before,0
449,new,electronics,before,0
450,new,living,after,0
451,experienced,living,after,0
452,experienced,living,before,0
453,experienced,electronics,before,0
454,experienced,fashion,before,0
455,new,fashion,before,1
456,experienced,electronics,before,0
457,new,fashion,after,0
458,experienced,living,before,0
459,new,fashion,after,1
460,new,fashion,before,0
461,new,fashion,after,0
462,experienced,living,after,0
463,experienced,electronics,before,0
464,experienced,living,after,0
465,experienced,electronics,before,0
466,new,electronics,after,0
467,new,electronics,after,0
468,experienced,fashion,before,0
469,new,fashion,before,0
470,experienced,electronics,before,0
471,new,electronics,after,0
472,experienced,fashion,before,0
473,new,living,before,1
474,experienced,electronics,before,0
475,experienced,living,before,0
476,experienced,fashion,after,0
477,new,electronics,before,1
478,experienced,living,after,0
479,experienced,living,before,0
480,experienced,living,before,0
481,experienced,fashion,after,0
482,experienced,fashion,after,0
483,experienced,living,after,0
484,experienced,living,before,0
485,experienced,fashion,before,0
486,experienced,living,after,0
487,new,living,before,0
488,new,fashion,before,0
489,experienced,living,after,0
490,experienced,living,after,0
491,experienced,living,after,0
492,experienced,fashion,after,0
493,new,living,after,0
494,new,fashion,before,0
495,experienced,fashion,before,0
496,new,electronics,after,0
497,experienced,electronics,after,1
498,new,living,before,0
499,experienced,fashion,before,0
500,experienced,electronics,before,0
501,experienced,living,after,1
502,experienced,electronics,before,0
503,new,electronics,before,0
504,experienced,fashion,after,0
505,experienced,fashion,after,0
506,new,electronics,before,0
507,experienced,electronics,after,0
508,experienced,fashion,after,0
509,experienced,living,before,0
510,experienced,fashion,before,0
511,experienced,electronics,before,1
512,experienced,living,before,0
513,experienced,electronics,after,0
514,experienced,living,before,0
515,new,electronics,after,0
516,new,living,before,0
517,new,living,before,1
518,experienced,electronics,after,1
519,experienced,living,before,0
520,new,fashion,before,0
521,experienced,electronics,before,0
522,new,fashion,before,0
523,experienced,electronics,after,0
524,experienced,living,before,0
525,experienced,living,after,0
526,experienced,living,after,0
527,experienced,electronics,before,0
528,new,fashion,before,0
529,new,fashion,before,0
530,experienced,electronics,after,0
531,experienced,electronics,before,0
532,experienced,fashion,after,0
533,experienced,fashion,before,0
534,experienced,fashion,after,0
535,experienced,fashion,before,0
536,experienced,electronics,after,0
537,experienced,electronics,before,0
538,new,living,before,1
539,experienced,fashion,before,0
540,new,living,before,0
541,experienced,electronics,after,0
542,experienced,electronics,before,0
543,new,living,before,0
544,experienced,fashion,after,0
545,experienced,fashion,before,0
546,new,fashion,after,1
547,new,fashion,after,0
548,experienced,living,before,0
549,experienced,living,after,0
550,experienced,electronics,before,0
551,experienced,fashion,before,0
552,experienced,fashion,after,0
553,experienced,fashion,after,0
554,experienced,living,before,0
555,experienced,fashion,after,0
556,experienced,living,before,0
557,new,fashion,before,0
558,new,fashion,after,1
559,experienced,electronics,before,1
560,experienced,fashion,before,0
561,experienced,fashion,after,0
562,new,electronics,after,0
563,new,living,before,1
564,new,living,after,0
565,new,fashion,after,0
566,experienced,living,after,0
567,new,fashion,after,0
568,experienced,electronics,before,0
569,experienced,electronics,before,0
570,new,fashion,before,1
571,experienced,electronics,after,0
572,experienced,electronics,after,0
573,new,fashion,after,0
574,experienced,fashion,after,0
575,experienced,electronics,before,0
576,experienced,living,before,0
577,new,living,before,0
578,experienced,fashion,before,1
579,experienced,fashion,before,0
580,new,living,before,0
581,experienced,electronics,after,0
582,experienced,living,after,0
583,experienced,living,after,1
584,new,living,after,0
585,experienced,living,before,0
586,new,fashion,after,0
587,new,fashion,after,0
588,new,electronics,after,0
589,new,electronics,before,0
590,new,electronics,before,0
591,new,electronics,before,0
592,experienced,living,after,0
593,new,fashion,after,0
594,new,fashion,after,0
595,experienced,electronics,before,0
596,experienced,electronics,after,0
597,experienced,living,after,0
598,new,living,before,0
599,new,electronics,before,0
600,new,fashion,after,0
601,new,fashion,before,0
602,new,fashion,after,0
603,new,electronics,after,0
604,new,fashion,after,1
605,new,living,after,0
606,experienced,living,after,0
607,new,electronics,after,0
608,new,living,before,0
609,experienced,electronics,before,0
610,experienced,fashion,before,0
611,new,fashion,after,0
612,experienced,fashion,before,0
613,experienced,living,before,0
614,new,electronics,before,0
615,experienced,fashion,after,0
616,experienced,electronics,after,0
617,new,fashion,after,0
618,new,living,before,0
619,experienced,living,after,0
620,experienced,electronics,after,0
621,new,living,after,0
622,new,living,after,1
623,new,electronics,before,0
624,experienced,fashion,after,1
625,experienced,living,before,0
626,new,electronics,before,0
627,experienced,living,after,0
628,experienced,living,before,0
629,new,living,before,1
630,new,living,after,0
631,experienced,electronics,before,1
632,experienced,electronics,after,0
633,experienced,electronics,after,0
634,experienced,living,after,0
635,new,living,after,0
636,experienced,living,after,0
637,experienced,electronics,after,0
638,new,living,after,0
639,new,fashion,after,0
640,new,living,after,1
641,new,fashion,after,0
642,new,living,before,1
643,new,electronics,before,1
644,new,living,after,0
645,new,fashion,before,1
646,experienced,fashion,before,0
647,experienced,living,after,0
648,experienced,fashion,before,0
649,experienced,fashion,before,0
650,experienced,electronics,after,0
651,new,living,after,0
652,experienced,living,before,0
653,experienced,living,after,0
654,experienced,fashion,after,0
655,experienced,living,before,1
656,new,living,before,0
657,new,electronics,after,0
658,new,electronics,after,0
659,experienced,electronics,after,0
660,experienced,fashion,after,1
661,new,living,after,0
662,experienced,electronics,before,0
663,experienced,electronics,after,0
664,new,electronics,before,0
665,new,living,after,1
666,new,living,after,0
667,new,living,before,1
668,new,fashion,after,0
669,new,fashion,before,1
670,new,electronics,before,0
671,new,living,after,1
672,experienced,electronics,before,1
673,new,living,after,1
674,experienced,living,before,0
675,experienced,living,after,0
676,experienced,fashion,after,0
677,new,fashion,after,0
678,new,living,before,0
679,experienced,electronics,after,0
680,experienced,living,before,0
681,experienced,living,before,0
682,new,electronics,before,0
683,new,living,before,0
684,experienced,electronics,after,0
685,experienced,fashion,before,0
686,experienced,fashion,after,0
687,experienced,electronics,after,0
688,new,fashion,before,1
689,experienced,fashion,after,1
690,new,electronics,before,1
691,new,fashion,before,1
692,experienced,living,before,0
693,experienced,living,after,0
694,new,electronics,after,0
695,new,fashion,before,0
696,experienced,living,before,0
697,new,living,after,0
698,experienced,fashion,before,0
699,new,fashion,after,0
700,experienced,living,after,0
701,experienced,living,before,0
702,new,electronics,after,0
703,new,electronics,before,0
704,new,living,after,0
705,new,electronics,after,0
706,experienced,living,before,0
707,new,living,before,0
708,experienced,electronics,after,0
709,new,electronics,after,0
710,experienced,fashion,before,0
711,experienced,fashion,after,0
712,experienced,fashion,before,0
713,experienced,living,before,0
714,experienced,electronics,after,0
715,new,living,before,1
716,experienced,electronics,after,0
717,experienced,living,before,0
718,experienced,fashion,after,0
719,new,fashion,before,0
720,experienced,fashion,after,0
721,experienced,living,after,0
722,new,electronics,before,0
723,new,electronics,after,0
724,experienced,fashion,before,0
725,experienced,fashion,before,0
726,experienced,fashion,after,0
727,new,fashion,before,1
728,experienced,electronics,after,0
729,new,living,after,0
730,new,living,after,0
731,new,living,before,0
732,experienced,living,before,1
733,experienced,fashion,before,0
734,experienced,fashion,after,0
735,new,fashion,after,0
736,experienced,living,after,0
737,new,fashion,before,0
738,experienced,fashion,before,0
739,experienced,electronics,before,0
740,new,electronics,before,1
741,experienced,fashion,before,0
742,new,electronics,before,1
743,experienced,electronics,before,0
744,experienced,fashion,before,0
745,new,fashion,before,0
746,experienced,fashion,before,0
747,new,fashion,before,0
748,experienced,living,before,0
749,experienced,living,after,0
750,experienced,fashion,before,0
751,new,electronics,before,0
752,experienced,fashion,before,0
753,experienced,fashion,before,0
754,new,electronics,before,0
755,new,living,before,1
756,experienced,fashion,after,0
757,experienced,fashion,before,1
758,experienced,living,before,0
759,experienced,living,after,0
760,experienced,electronics,before,0
761,new,living,before,1
762,new,living,after,0
763,new,living,after,0
764,experienced,electronics,before,0
765,new,living,before,0
766,experienced,living,before,0
767,experienced,electronics,before,0
768,experienced,living,after,0
769,new,living,before,0
770,experienced,electronics,before,0
771,new,fashion,after,0
772,experienced,electronics,after,0
773,new,living,before,0
774,new,living,after,0
775,experienced,living,before,0
776,new,electronics,after,0
777,new,living,before,0
778,experienced,living,before,0
779,experienced,electronics,before,0
780,experienced,fashion,before,0
781,experienced,fashion,before,0
782,experienced,living,after,0
783,new,electronics,after,0
784,new,living,before,0
785,new,electronics,before,0
786,experienced,electronics,before,0
787,experienced,fashion,after,0
788,experienced,fashion,after,0
789,experienced,electronics,after,0
790,experienced,living,after,0
791,new,fashion,before,0
792,experienced,living,before,0
793,experienced,fashion,after,0
794,experienced,fashion,after,0
795,new,living,before,0
796,experienced,fashion,before,0
797,experienced,fashion,after,0
798,experienced,living,before,0
799,experienced,fashion,before,1
800,experienced,fashion,after,0
801,experienced,fashion,before,0
802,new,living,before,0
803,experienced,electronics,after,0
804,experienced,living,after,0
805,experienced,electronics,after,0
806,experienced,fashion,before,0
807,experienced,electronics,before,0
808,experienced,living,after,0
809,experienced,living,after,0
810,new,fashion,before,0
811,experienced,electronics,after,0
812,experienced,fashion,before,0
813,new,fashion,before,1
814,experienced,living,before,0
815,experienced,electronics,before,0
816,experienced,electronics,before,0
817,experienced,electronics,after,0
818,new,electronics,after,0
819,new,fashion,after,0
820,new,fashion,before,0
821,experienced,living,before,0
822,new,fashion,before,0
823,new,fashion,before,0
824,new,living,after,0
825,experienced,living,after,0
826,experienced,living,after,0
827,new,fashion,before,0
828,new,fashion,before,0
829,experienced,living,before,0
830,experienced,living,before,0
831,new,living,after,1
832,experienced,fashion,after,0
833,new,fashion,before,0
834,new,electronics,after,0
835,experienced,fashion,after,0
836,experienced,fashion,before,0
837,experienced,fashion,after,0
838,new,living,before,0
839,experienced,fashion,before,0
840,experienced,living,after,0
841,new,electronics,after,0
842,experienced,electronics,before,0
843,new,living,before,0
844,experienced,living,after,0
845,new,living,after,0
846,experienced,fashion,after,0
847,new,electronics,before,1
848,experienced,living,after,0
849,experienced,fashion,before,0
850,experienced,electronics,after,0
851,new,fashion,before,0
852,experienced,electronics,after,0
853,new,fashion,before,0
854,experienced,electronics,before,0
855,new,electronics,before,0
856,new,fashion,before,1
857,new,living,after,0
858,experienced,electronics,after,0
859,experienced,living,after,0
860,new,fashion,before,0
861,experienced,living,after,0
862,experienced,living,after,1
863,experienced,living,before,0
864,experienced,living,before,1
865,experienced,living,after,0
866,experienced,electronics,after,0
867,new,electronics,after,0
868,new,electronics,before,0
869,experienced,fashion,after,0
870,experienced,living,before,0
871,new,electronics,after,0
872,new,fashion,after,0
873,experienced,electronics,before,0
874,experienced,electronics,after,0
875,new,living,before,0
876,new,fashion,after,0
877,experienced,living,before,0
878,experienced,living,before,0
879,new,electronics,before,0
880,new,living,before,0
881,new,fashion,before,0
882,experienced,living,after,0
883,new,living,after,0
884,new,living,after,0
885,experienced,electronics,before,0
886,new,fashion,after,1
887,experienced,electronics,before,0
888,new,electronics,after,0
889,new,electronics,before,1
890,new,electronics,after,1
891,experienced,electronics,after,0
892,experienced,fashion,after,0
893,experienced,living,before,0
894,new,electronics,before,0
895,experienced,electronics,before,0
896,new,fashion,after,0
897,new,fashion,after,0
898,experienced,living,before,0
899,new,fashion,after,0
900,new,living,after,0
901,new,electronics,after,0
902,new,electronics,before,0
903,new,living,before,0
904,experienced,fashion,before,0
905,experienced,living,after,0
906,experienced,fashion,before,1
907,experienced,electronics,before,0
908,new,fashion,after,0
909,new,living,after,0
910,new,living,after,0
911,experienced,electronics,before,0
912,new,fashion,before,0
913,experienced,fashion,after,0
914,experienced,fashion,before,0
915,experienced,electronics,before,0
916,experienced,fashion,before,0
917,new,living,before,0
918,experienced,fashion,before,0
919,experienced,electronics,after,0
920,new,fashion,after,0
921,experienced,fashion,after,0
922,experienced,living,before,0
923,experienced,fashion,before,0
924,experienced,living,before,0
925,experienced,living,after,1
926,new,electronics,before,0
927,new,living,after,0
928,experienced,living,after,0
929,experienced,electronics,before,0
930,new,living,before,1
931,new,electronics,after,0
932,experienced,fashion,after,0
933,experienced,electronics,before,0
934,experienced,living,before,0
935,new,electronics,after,0
936,new,living,before,1
937,new,fashion,before,0
938,experienced,electronics,before,0
939,new,fashion,after,0
940,experienced,living,before,0
941,new,living,before,0
942,experienced,fashion,before,0
943,experienced,electronics,after,0
944,experienced,electronics,after,0
945,new,living,after,0
946,new,fashion,after,0
947,new,fashion,after,0
948,experienced,electronics,before,0
949,experienced,electronics,before,1
950,experienced,electronics,after,0
951,experienced,fashion,before,0
952,experienced,electronics,before,0
953,new,electronics,after,0
954,experienced,living,before,0
955,experienced,electronics,before,0
956,new,electronics,after,1
957,experienced,fashion,after,0
958,new,fashion,before,0
959,new,living,after,0
960,experienced,electronics,after,0
961,new,living,after,0
962,experienced,fashion,before,0
963,new,living,before,1
964,new,fashion,after,0
965,new,living,after,0
966,new,living,after,0
967,experienced,electronics,before,0
968,new,living,before,1
969,experienced,electronics,after,0
970,experienced,electronics,before,0
971,experienced,electronics,after,0
972,experienced,electronics,before,1
973,experienced,living,before,0
974,new,fashion,after,0
975,new,fashion,after,0
976,new,fashion,before,0
977,experienced,living,before,0
978,new,electronics,after,0
979,experienced,fashion,before,0
980,experienced,living,after,0
981,new,electronics,after,0
982,experienced,fashion,before,0
983,new,electronics,after,0
984,new,fashion,before,0
985,experienced,fashion,after,0
986,experienced,fashion,before,0
987,experienced,electronics,after,0
988,experienced,living,before,0
989,new,electronics,before,1
990,experienced,fashion,after,0
991,experienced,electronics,after,0
992,experienced,living,after,0
993,new,electronics,before,0
994,experienced,living,after,0
995,new,living,before,1
996,new,electronics,before,0
997,experienced,fashion,after,0
998,new,living,before,0
999,experienced,electronics,after,0
1000,experienced,living,after,0
1001,new,fashion,after,0
1002,experienced,electronics,after,0
1003,experienced,electronics,after,0
1004,experienced,electronics,before,1
1005,experienced,fashion,after,0
1006,experienced,living,before,0
1007,experienced,electronics,before,0
1008,experienced,living,after,0
1009,new,living,after,0
1010,experienced,fashion,after,0
1011,new,electronics,before,0
1012,experienced,living,after,0
1013,experienced,electronics,before,0
1014,new,electronics,after,0
1015,experienced,fashion,after,0
1016,experienced,electronics,after,0
1017,new,electronics,before,0
1018,experienced,living,before,0
1019,experienced,fashion,before,1
1020,new,electronics,after,0
1021,experienced,living,after,0
1022,new,fashion,before,1
1023,experienced,fashion,after,0
1024,experienced,living,after,0
1025,experienced,living,after,0
1026,experienced,living,after,0
1027,experienced,living,after,0
1028,experienced,living,before,0
1029,new,electronics,before,1
1030,experienced,electronics,before,0
1031,new,fashion,after,0
1032,experienced,electronics,after,0
1033,new,electronics,after,1
1034,new,electronics,before,0
1035,new,living,before,1
1036,experienced,fashion,before,0
1037,new,fashion,before,0
1038,experienced,fashion,after,0
1039,new,fashion,after,0
1040,new,electronics,after,0
1041,experienced,electronics,after,0
1042,experienced,living,before,0
1043,new,fashion,before,0
1044,experienced,electronics,before,0
1045,experienced,electronics,after,0
1046,experienced,living,after,0
1047,new,living,before,0
1048,new,living,before,1
1049,experienced,electronics,before,0
1050,new,electronics,before,0
1051,experienced,living,before,0
1052,experienced,fashion,before,0
1053,experienced,living,before,0
1054,experienced,living,after,0
1055,experienced,living,after,0
1056,new,living,before,0
1057,experienced,electronics,before,1
1058,experienced,fashion,before,1
1059,experienced,living,before,0
1060,experienced,fashion,before,0
1061,experienced,fashion,after,0
1062,experienced,fashion,after,1
1063,experienced,living,after,0
1064,experienced,electronics,before,0
1065,experienced,living,after,1
1066,experienced,fashion,before,0
1067,new,fashion,before,0
1068,new,electronics,after,0
1069,new,living,after,1
1070,new,fashion,after,0
1071,new,electronics,after,0
1072,new,fashion,after,0
1073,new,electronics,after,0
1074,new,electronics,after,0
1075,experienced,living,after,0
1076,experienced,fashion,after,1
1077,new,living,after,0
1078,experienced,fashion,after,0
1079,new,living,before,0
1080,experienced,fashion,after,0
1081,experienced,living,before,0
1082,new,electronics,before,0
1083,experienced,fashion,before,0
1084,experienced,fashion,after,0
1085,experienced,electronics,after,0
1086,experienced,living,before,0
1087,experienced,fashion,before,1
1088,new,fashion,before,0
1089,experienced,living,after,0
1090,new,electronics,before,1
1091,experienced,living,before,0
1092,experienced,living,before,0
1093,experienced,living,before,0
1094,experienced,fashion,before,0
1095,new,electronics,after,1
1096,new,electronics,before,1
1097,new,living,after,0
1098,new,fashion,before,0
1099,experienced,living,before,0
1100,new,fashion,before,0
1101,new,fashion,after,0
1102,experienced,fashion,after,0
1103,experienced,fashion,after,0
1104,experienced,electronics,after,0
1105,experienced,fashion,before,0
1106,new,fashion,after,0
1107,new,living,after,0
1108,experienced,living,before,0
1109,experienced,electronics,after,0
1110,new,living,before,0
1111,experienced,fashion,before,0
1112,new,living,before,0
1113,new,electronics,before,0
1114,experienced,living,after,1
1115,experienced,living,before,0
1116,experienced,electronics,before,0
1117,new,electronics,before,0
1118,experienced,fashion,after,0
1119,new,living,after,0
1120,new,fashion,before,1
1121,experienced,living,before,0
1122,experienced,living,before,0
1123,experienced,fashion,after,0
1124,experienced,living,before,0
1125,experienced,living,before,0
1126,experienced,living,before,0
1127,new,electronics,after,0
1128,experienced,fashion,after,0
1129,new,electronics,before,0
1130,new,fashion,before,0
1131,experienced,fashion,before,0
1132,experienced,living,after,1
1133,new,fashion,after,1
1134,new,electronics,after,0
1135,experienced,electronics,after,0
1136,new,electronics,before,0
1137,experienced,fashion,after,1
1138,experienced,electronics,after,0
1139,experienced,fashion,before,0
1140,experienced,electronics,after,0
1141,experienced,electronics,before,0
1142,new,fashion,before,0
1143,experienced,electronics,after,0
1144,experienced,living,after,0
1145,new,fashion,after,0
1146,experienced,fashion,before,0
1147,experienced,fashion,after,0
1148,experienced,living,after,1
1149,experienced,fashion,before,0
1150,experienced,electronics,after,0
1151,experienced,electronics,after,0
1152,experienced,electronics,before,0
1153,experienced,fashion,after,0
1154,experienced,electronics,before,0
1155,experienced,fashion,before,0
1156,experienced,electronics,before,0
1157,new,living,after,0
1158,experienced,living,before,0
1159,experienced,living,after,0
1160,new,living,before,0
1161,experienced,fashion,after,0
1162,new,electronics,after,0
1163,new,living,after,0
1164,experienced,fashion,before,0
1165,new,living,after,0
1166,experienced,living,after,0
1167,experienced,fashion,after,0
1168,experienced,fashion,before,0
1169,new,electronics,after,0
1170,new,electronics,before,1
1171,experienced,living,after,0
1172,experienced,living,after,0
1173,experienced,electronics,before,0
1174,new,electronics,before,0
1175,experienced,fashion,before,0
1176,experienced,electronics,after,0
1177,experienced,electronics,after,0
1178,new,living,before,0
1179,experienced,electronics,before,0
1180,experienced,living,before,0
1181,experienced,electronics,before,0
1182,new,fashion,before,0
1183,experienced,electronics,after,0
1184,experienced,electronics,before,0
1185,new,electronics,after,0
1186,experienced,living,after,1
1187,experienced,fashion,before,0
1188,new,electronics,after,0
1189,new,living,after,0
1190,experienced,fashion,before,0
1191,new,living,before,0
1192,experienced,living,before,0
1193,new,fashion,before,0
1194,experienced,electronics,before,1
1195,new,living,before,0
1196,experienced,living,before,0
1197,experienced,electronics,before,1
1198,experienced,electronics,before,0
1199,experienced,fashion,before,0
1200,new,fashion,before,0
1201,experienced,fashion,after,0
1202,new,electronics,before,0
1203,new,living,after,0
1204,new,living,before,1
1205,experienced,fashion,after,0
1206,experienced,electronics,before,0
1207,experienced,living,after,0
1208,experienced,fashion,after,0
1209,new,living,before,1
1210,experienced,living,after,0
1211,experienced,electronics,after,0
1212,experienced,electronics,before,0
1213,new,living,after,0
1214,experienced,fashion,after,0
1215,experienced,electronics,before,0
1216,new,living,before,1
1217,new,electronics,after,0
1218,experienced,electronics,after,0
1219,experienced,electronics,after,0
1220,new,living,after,0
1221,experienced,fashion,before,0
1222,new,fashion,after,0
1223,experienced,fashion,before,0
1224,experienced,electronics,before,0
1225,experienced,living,after,0
1226,experienced,electronics,after,0
1227,new,fashion,before,1
1228,new,fashion,after,0
1229,experienced,living,before,0
1230,experienced,electronics,before,0
1231,experienced,fashion,after,0
1232,new,living,before,1
1233,new,electronics,before,0
1234,new,electronics,before,0
1235,experienced,fashion,after,0
1236,new,fashion,before,0
1237,experienced,electronics,before,0
1238,experienced,electronics,after,0
1239,experienced,fashion,before,0
1240,new,electronics,before,1
1241,experienced,fashion,after,0
1242,experienced,electronics,before,0
1243,experienced,fashion,after,0
1244,experienced,living,before,0
1245,experienced,fashion,before,0
1246,experienced,fashion,before,0
1247,new,living,before,0
1248,new,electronics,after,0
1249,experienced,living,before,0
1250,experienced,fashion,before,0
1251,experienced,electronics,after,0
1252,experienced,living,after,0
1253,new,electronics,before,0
1254,new,electronics,before,0
1255,experienced,living,before,0
1256,experienced,electronics,before,0
1257,new,living,before,0
1258,experienced,fashion,after,0
1259,new,electronics,after,0
1260,experienced,fashion,before,0
1261,new,fashion,before,1
1262,experienced,electronics,before,0
1263,new,living,before,1
1264,experienced,electronics,before,0
1265,new,fashion,after,0
1266,new,fashion,after,1
1267,new,living,after,0
1268,experienced,electronics,after,0
1269,experienced,fashion,before,0
1270,new,fashion,after,0
1271,experienced,fashion,before,0
1272,experienced,living,before,0
1273,experienced,fashion,after,0
1274,new,fashion,before,1
1275,experienced,electronics,after,0
1276,new,electronics,before,1
1277,new,fashion,after,0
1278,experienced,fashion,after,0
1279,new,electronics,after,0
1280,experienced,living,after,0
1281,experienced,living,before,0
1282,experienced,living,after,0
1283,experienced,living,after,0
1284,new,living,after,1
1285,new,living,after,0
1286,experienced,living,after,0
1287,new,living,after,1
1288,new,electronics,after,1
1289,new,living,after,0
1290,new,living,after,0
1291,new,living,before,1
1292,new,fashion,before,1
1293,experienced,electronics,before,0
1294,experienced,electronics,before,0
1295,experienced,electronics,before,0
1296,new,living,after,0
1297,new,living,before,0
1298,new,fashion,before,1
1299,experienced,electronics,after,1
1300,experienced,living,after,0
1301,new,electronics,after,0
1302,experienced,fashion,after,0
1303,new,fashion,after,0
1304,experienced,fashion,before,0
1305,experienced,electronics,after,0
1306,experienced,living,after,0
1307,experienced,living,before,0
1308,experienced,fashion,before,0
1309,new,living,after,0
1310,experienced,fashion,before,0
1311,new,electronics,after,0
1312,experienced,fashion,before,0
1313,experienced,electronics,after,0
1314,experienced,fashion,after,0
1315,experienced,living,before,0
1316,experienced,living,before,0
1317,experienced,fashion,after,0
1318,experienced,living,after,0
1319,new,living,after,0
1320,new,living,before,0
1321,new,electronics,after,0
1322,new,living,before,1
1323,experienced,electronics,before,0
1324,new,fashion,before,0
1325,experienced,living,after,0
1326,new,living,before,1
1327,new,living,before,0
1328,experienced,fashion,after,0
1329,experienced,electronics,after,0
1330,experienced,electronics,before,0
1331,experienced,living,before,1
1332,experienced,fashion,before,0
1333,new,fashion,before,0
1334,experienced,fashion,after,1
1335,experienced,fashion,before,0
1336,experienced,fashion,after,0
1337,new,electronics,after,1
1338,experienced,electronics,before,0
1339,new,electronics,after,0
1340,new,living,before,1
1341,new,fashion,before,0
1342,experienced,living,before,0
1343,experienced,fashion,before,0
1344,experienced,electronics,before,0
1345,experienced,living,before,0
1346,experienced,electronics,after,0
1347,new,fashion,after,0
1348,new,fashion,after,0
1349,experienced,fashion,before,0
1350,new,electronics,after,1
1351,experienced,fashion,after,0
1352,experienced,electronics,after,0
1353,experienced,living,after,0
1354,experienced,fashion,after,0
1355,experienced,fashion,before,0
1356,experienced,fashion,after,0
1357,experienced,living,before,0
1358,experienced,fashion,after,0
1359,new,electronics,before,0
1360,experienced,electronics,before,0
1361,experienced,fashion,before,0
1362,new,fashion,after,0
1363,experienced,living,before,0
1364,experienced,living,before,0
1365,experienced,living,after,0
1366,new,fashion,after,0
1367,experienced,living,before,0
1368,experienced,living,before,0
1369,new,electronics,after,0
1370,new,living,after,0
1371,experienced,electronics,after,0
1372,new,electronics,after,0
1373,experienced,living,before,0
1374,experienced,electronics,after,0
1375,new,fashion,after,0
1376,experienced,fashion,after,0
1377,experienced,living,before,0
1378,experienced,fashion,after,0
1379,new,electronics,after,0
1380,experienced,fashion,before,0
1381,new,living,after,0
1382,new,living,after,0
1383,experienced,electronics,after,0
1384,new,living,after,0
1385,experienced,fashion,after,0
1386,new,living,after,1
1387,experienced,electronics,before,0
1388,new,living,before,0
1389,experienced,fashion,before,0
1390,experienced,electronics,after,1
1391,new,fashion,after,0
1392,new,electronics,after,0
1393,new,living,after,0
1394,experienced,electronics,after,0
1395,new,electronics,after,0
1396,experienced,living,before,0
1397,experienced,fashion,after,0
1398,new,living,before,0
1399,experienced,electronics,after,0
1400,experienced,living,after,0
1401,new,electronics,after,0
1402,new,living,before,0
1403,new,living,before,0
1404,experienced,fashion,after,0
1405,experienced,electronics,after,0
1406,experienced,fashion,before,0
1407,experienced,electronics,after,0
1408,experienced,living,before,0
1409,experienced,electronics,after,0
1410,experienced,fashion,after,0
1411,new,fashion,after,0
1412,new,fashion,after,0
1413,new,electronics,after,0
1414,new,fashion,after,0
1415,experienced,fashion,before,0
1416,experienced,fashion,before,0
1417,new,living,before,0
1418,new,living,after,0
1419,experienced,electronics,before,0
1420,experienced,electronics,before,0
1421,new,fashion,before,0
1422,experienced,living,before,0
1423,new,fashion,before,1
1424,new,fashion,after,0
1425,experienced,living,after,0
1426,experienced,living,after,0
1427,new,living,after,0
1428,experienced,electronics,before,0
1429,experienced,electronics,after,0
1430,experienced,fashion,before,0
1431,experienced,electronics,before,0
1432,experienced,living,after,1
1433,experienced,living,before,0
1434,experienced,electronics,after,1
1435,new,fashion,before,0
1436,new,fashion,after,0
1437,new,electronics,before,0
1438,experienced,fashion,before,0
1439,new,fashion,after,1
1440,experienced,fashion,before,0
1441,experienced,living,before,0
1442,new,living,before,1
1443,experienced,electronics,after,0
1444,experienced,living,after,0
1445,experienced,fashion,before,0
1446,new,living,after,0
1447,experienced,electronics,after,0
1448,experienced,living,after,0
1449,experienced,fashion,after,0
1450,experienced,fashion,before,0
1451,experienced,electronics,after,0
1452,experienced,living,before,1
1453,experienced,living,before,0
1454,experienced,living,after,0
1455,new,fashion,after,0
1456,experienced,electronics,before,0
1457,experienced,living,before,0
1458,experienced,fashion,after,0
1459,new,fashion,before,1
1460,experienced,fashion,before,0
1461,new,living,before,0
1462,experienced,living,before,0
1463,new,living,after,0
1464,experienced,living,before,0
1465,experienced,living,after,0
1466,new,living,before,0
1467,experienced,living,after,1
1468,experienced,living,after,0
1469,experienced,living,after,0
1470,experienced,fashion,after,0
1471,experienced,living,after,0
1472,experienced,electronics,before,0
1473,experienced,fashion,after,0
1474,experienced,living,after,0
1475,new,electronics,before,0
1476,experienced,living,before,0
1477,experienced,electronics,after,0
1478,experienced,electronics,after,0
1479,experienced,electronics,before,0
1480,experienced,electronics,before,0
1481,experienced,fashion,after,0
1482,new,fashion,after,0
1483,experienced,electronics,after,0
1484,new,living,after,0
1485,new,electronics,after,0
1486,new,fashion,after,0
1487,new,living,after,0
1488,experienced,fashion,after,0
1489,new,fashion,after,0
1490,experienced,living,before,0
1491,new,electronics,before,0
1492,new,electronics,after,0
1493,new,electronics,before,0
1494,new,electronics,before,0
1495,experienced,living,before,0
1496,experienced,living,after,0
1497,experienced,living,before,0
1498,experienced,fashion,before,0
1499,new,living,before,0
1500,experienced,electronics,after,0
1501,experienced,fashion,before,0
1502,experienced,electronics,before,0
1503,new,electronics,before,0
1504,new,living,after,0
1505,new,living,before,0
1506,new,electronics,before,0
1507,experienced,electronics,after,0
1508,experienced,fashion,after,0
1509,experienced,living,after,0
1510,experienced,fashion,after,1
1511,experienced,fashion,after,1
1512,experienced,fashion,before,0
1513,experienced,electronics,after,1
1514,new,fashion,before,0
1515,new,fashion,after,0
1516,new,electronics,before,0
1517,experienced,living,before,0
1518,experienced,living,after,0
1519,new,fashion,before,1
1520,experienced,electronics,after,0
1521,new,living,before,0
1522,experienced,fashion,before,0
1523,new,fashion,after,0
1524,new,electronics,after,0
1525,experienced,fashion,after,0
1526,new,living,before,0
1527,new,electronics,after,0
1528,new,living,after,0
1529,experienced,living,after,0
1530,experienced,living,before,1
1531,new,fashion,after,0
1532,experienced,fashion,after,0
1533,experienced,living,after,0
1534,new,living,after,0
1535,experienced,electronics,after,1
1536,new,electronics,before,0
1537,new,fashion,before,0
1538,experienced,fashion,after,0
1539,new,electronics,before,1
1540,experienced,living,before,0
1541,experienced,fashion,before,0
1542,new,living,before,0
1543,experienced,electronics,after,0
1544,new,fashion,after,0
1545,experienced,fashion,before,0
1546,experienced,electronics,before,0
1547,experienced,fashion,after,0
1548,experienced,electronics,after,0
1549,new,fashion,after,0
1550,experienced,electronics,after,0
1551,experienced,fashion,before,0
1552,experienced,living,after,0
1553,experienced,living,after,0
1554,experienced,living,after,0
1555,new,fashion,after,0
1556,new,fashion,before,0
1557,experienced,living,after,0
1558,experienced,living,after,0
1559,experienced,electronics,before,0
1560,experienced,electronics,before,0
1561,new,electronics,before,0
1562,new,living,before,1
1563,experienced,living,before,0
1564,new,living,before,0
1565,experienced,electronics,after,0
1566,experienced,fashion,before,0
1567,experienced,living,before,0
1568,new,fashion,after,1
1569,experienced,fashion,after,0
1570,experienced,fashion,after,0
1571,experienced,electronics,before,0
1572,new,fashion,after,0
1573,experienced,living,before,0
1574,experienced,electronics,after,0
1575,new,living,before,0
1576,new,living,after,0
1577,new,electronics,before,0
1578,experienced,living,after,0
1579,experienced,living,after,0
1580,experienced,electronics,before,0
1581,new,living,before,0
1582,new,fashion,after,0
1583,experienced,living,after,0
1584,experienced,fashion,after,0
1585,experienced,living,before,0
1586,new,electronics,before,0
1587,experienced,electronics,after,0
1588,experienced,living,after,1
1589,experienced,electronics,after,0
1590,experienced,living,after,0
1591,experienced,electronics,after,0
1592,experienced,fashion,after,0
1593,new,living,before,0
1594,new,fashion,before,0
1595,experienced,fashion,after,0
1596,experienced,living,before,0
1597,new,fashion,before,1
1598,new,living,before,0
1599,new,fashion,before,0
1600,experienced,living,after,0
1601,new,living,after,0
1602,new,electronics,before,0
1603,new,living,before,0
1604,new,living,after,1
1605,new,fashion,before,0
1606,experienced,living,after,0
1607,new,electronics,after,0
1608,experienced,fashion,before,0
1609,new,fashion,after,0
1610,experienced,electronics,after,0
1611,experienced,fashion,before,0
1612,experienced,fashion,after,0
1613,experienced,fashion,before,0
1614,new,fashion,before,1
1615,new,electronics,after,0
1616,experienced,electronics,after,0
1617,experienced,fashion,after,0
1618,experienced,fashion,before,0
1619,experienced,electronics,before,0
1620,experienced,electronics,after,0
1621,experienced,electronics,before,0
1622,new,fashion,after,1
1623,experienced,fashion,after,0
1624,experienced,living,after,0
1625,new,electronics,after,0
1626,experienced,fashion,before,0
1627,new,electronics,before,1
1628,experienced,fashion,before,0
1629,new,electronics,after,0
1630,experienced,fashion,after,0
1631,experienced,living,after,0
1632,new,living,after,0
1633,experienced,electronics,after,0
1634,experienced,fashion,before,0
1635,experienced,fashion,before,0
1636,new,electronics,before,0
1637,new,fashion,after,1
1638,new,electronics,before,1
1639,experienced,fashion,after,0
1640,experienced,electronics,after,0
1641,experienced,fashion,after,0
1642,experienced,electronics,after,0
1643,experienced,fashion,before,0
1644,experienced,living,before,0
1645,new,fashion,after,1
1646,experienced,electronics,before,0
1647,new,living,before,1
1648,experienced,fashion,after,0
1649,experienced,living,before,0
1650,experienced,fashion,after,0
1651,new,living,after,0
1652,new,electronics,before,0
1653,new,fashion,before,0
1654,new,fashion,before,0
1655,new,electronics,after,0
1656,experienced,living,before,1
1657,experienced,electronics,after,0
1658,new,electronics,before,0
1659,new,living,before,0
1660,experienced,electronics,before,1
1661,experienced,fashion,before,0
1662,experienced,fashion,before,0
1663,experienced,fashion,after,1
1664,experienced,electronics,after,0
1665,experienced,fashion,before,0
1666,experienced,fashion,before,0
1667,new,fashion,after,1
1668,experienced,fashion,after,0
1669,new,fashion,before,0
1670,experienced,fashion,after,0
1671,new,electronics,before,0
1672,experienced,fashion,after,0
1673,experienced,fashion,before,0
1674,experienced,living,before,0
1675,experienced,electronics,after,0
1676,new,electronics,before,0
1677,new,electronics,after,0
1678,experienced,electronics,before,0
1679,new,fashion,after,0
1680,experienced,fashion,after,0
1681,new,living,before,0
1682,experienced,living,after,0
1683,experienced,electronics,after,0
1684,experienced,living,after,0
1685,new,living,after,0
1686,experienced,electronics,after,0
1687,experienced,electronics,before,0
1688,experienced,living,before,0
1689,experienced,fashion,after,0
1690,experienced,living,after,0
1691,new,living,before,1
1692,experienced,fashion,after,0
1693,new,fashion,after,1
1694,new,electronics,before,0
1695,new,electronics,before,0
1696,new,living,after,0
1697,new,fashion,before,0
1698,new,electronics,after,0
1699,experienced,living,after,0
1700,experienced,fashion,before,0
1701,experienced,living,before,0
1702,experienced,electronics,before,0
1703,new,electronics,before,0
1704,experienced,fashion,after,0
1705,experienced,living,before,0
1706,new,fashion,after,0
1707,experienced,electronics,before,0
1708,new,electronics,before,0
1709,experienced,living,before,0
1710,experienced,living,before,0
1711,new,living,before,0
1712,new,fashion,before,1
1713,experienced,living,after,0
1714,experienced,living,after,1
1715,new,electronics,before,1
1716,experienced,electronics,before,0
1717,new,living,before,0
1718,experienced,living,before,0
1719,experienced,electronics,before,0
1720,new,living,before,0
1721,new,fashion,before,0
1722,new,fashion,before,0
1723,new,fashion,before,0
1724,new,living,before,0
1725,experienced,electronics,after,0
1726,new,living,before,0
1727,experienced,living,before,0
1728,experienced,electronics,after,0
1729,experienced,electronics,after,0
1730,experienced,electronics,after,0
1731,new,fashion,after,0
1732,experienced,living,before,0
1733,experienced,electronics,after,0
1734,experienced,living,after,0
1735,new,fashion,before,0
1736,experienced,fashion,after,0
1737,experienced,electronics,after,0
1738,new,electronics,before,0
1739,new,living,before,0
1740,experienced,electronics,before,0
1741,experienced,living,before,0
1742,experienced,electronics,before,0
1743,experienced,living,after,0
1744,new,living,after,0
1745,experienced,living,before,0
1746,experienced,living,after,0
1747,new,fashion,before,0
1748,new,living,before,1
1749,experienced,electronics,after,0
1750,new,fashion,after,0
1751,experienced,fashion,after,0
1752,new,living,after,0
1753,new,fashion,after,0
1754,new,living,after,0
1755,experienced,electronics,before,0
1756,experienced,living,after,0
1757,experienced,fashion,after,1
1758,experienced,electronics,after,0
1759,new,living,before,0
1760,experienced,electronics,after,0
1761,experienced,electronics,after,0
1762,experienced,fashion,before,0
1763,new,electronics,after,1
1764,experienced,fashion,before,0
1765,new,electronics,before,0
1766,new,living,after,0
1767,experienced,electronics,before,0
1768,experienced,living,before,1
1769,new,living,after,0
1770,new,electronics,after,0
1771,experienced,living,before,0
1772,experienced,electronics,after,0
1773,experienced,electronics,after,0
1774,experienced,living,after,0
1775,experienced,living,after,0
1776,new,fashion,after,0
1777,experienced,living,before,0
1778,experienced,fashion,before,0
1779,new,living,after,0
1780,experienced,electronics,after,0
1781,new,living,before,0
1782,experienced,electronics,after,0
1783,experienced,electronics,after,0
1784,experienced,electronics,before,0
1785,experienced,fashion,before,0
1786,experienced,living,before,0
1787,experienced,electronics,after,0
1788,experienced,electronics,before,0
1789,new,fashion,before,1
1790,experienced,living,after,0
1791,new,living,after,0
1792,experienced,fashion,before,0
1793,experienced,fashion,before,0
1794,experienced,living,after,0
1795,new,fashion,after,0
1796,new,living,after,0
1797,experienced,living,after,0
1798,new,electronics,before,0
1799,new,electronics,before,1
1800,new,living,before,0
1801,experienced,living,before,0
1802,experienced,living,after,0
1803,new,living,before,0
1804,new,living,before,1
1805,new,living,after,1
1806,experienced,fashion,before,0
1807,experienced,living,before,0
1808,new,fashion,before,0
1809,new,fashion,after,0
1810,new,living,after,1
1811,experienced,living,before,0
1812,experienced,fashion,after,0
1813,new,fashion,after,0
1814,new,living,after,0
1815,new,living,after,0
1816,experienced,fashion,after,0
1817,new,fashion,after,0
1818,experienced,fashion,before,0
1819,experienced,electronics,before,0
1820,new,fashion,before,0
1821,new,electronics,after,0
1822,new,living,after,0
1823,experienced,living,after,0
1824,experienced,fashion,before,0
1825,experienced,living,after,0
1826,experienced,living,after,0
1827,new,living,after,0
1828,experienced,living,after,0
1829,experienced,electronics,after,0
1830,new,electronics,after,1
1831,experienced,fashion,after,0
1832,experienced,fashion,after,1
1833,experienced,fashion,before,1
1834,experienced,living,before,0
1835,experienced,living,after,0
1836,experienced,electronics,before,0
1837,new,electronics,after,0
1838,new,fashion,before,0
1839,experienced,electronics,after,0
1840,new,electronics,before,0
1841,new,electronics,before,0
1842,experienced,electronics,after,0
1843,experienced,electronics,before,0
1844,experienced,fashion,before,0
1845,experienced,fashion,before,0
1846,new,electronics,after,0
1847,new,fashion,before,0
1848,new,living,after,1
1849,experienced,electronics,after,0
1850,experienced,living,after,0
1851,new,fashion,after,0
1852,experienced,fashion,after,0
1853,experienced,living,before,0
1854,experienced,fashion,after,0
1855,experienced,electronics,before,0
1856,new,living,after,0
1857,experienced,electronics,before,0
1858,experienced,living,after,0
1859,experienced,fashion,before,0
1860,experienced,living,before,0
1861,experienced,living,after,0
1862,experienced,electronics,after,0
1863,new,fashion,before,1
1864,experienced,electronics,after,0
1865,experienced,fashion,after,0
1866,experienced,electronics,after,0
1867,new,living,after,0
1868,new,electronics,before,0
1869,new,fashion,before,0
1870,experienced,fashion,after,0
1871,experienced,living,after,0
1872,new,fashion,before,1
1873,experienced,electronics,before,0
1874,experienced,living,after,0
1875,experienced,fashion,before,0
1876,experienced,fashion,before,0
1877,experienced,electronics,before,0
1878,experienced,electronics,before,0
1879,new,living,before,0
1880,experienced,fashion,after,0
1881,experienced,electronics,before,0
1882,experienced,living,before,0
1883,experienced,fashion,before,0
1884,experienced,fashion,before,0
1885,new,living,before,0
1886,experienced,living,before,0
1887,new,electronics,after,0
1888,new,fashion,before,0
1889,experienced,fashion,before,0
1890,experienced,fashion,before,0
1891,new,living,after,1
1892,experienced,electronics,after,0
1893,experienced,fashion,before,0
1894,new,living,after,0
1895,experienced,fashion,before,0
1896,experienced,electronics,after,0
1897,experienced,fashion,before,0
1898,new,electronics,after,0
1899,new,electronics,after,0
1900,experienced,fashion,before,1
1901,experienced,fashion,after,0
1902,new,electronics,after,0
1903,experienced,living,before,0
1904,new,electronics,before,1
1905,experienced,fashion,before,0
1906,new,fashion,after,0
1907,experienced,living,after,0
1908,new,electronics,before,0
1909,new,electronics,after,0
1910,new,electronics,after,0
1911,new,fashion,after,0
1912,experienced,electronics,after,1
1913,experienced,living,after,0
1914,new,fashion,before,1
1915,experienced,fashion,before,0
1916,experienced,electronics,after,0
1917,experienced,living,before,0
1918,experienced,fashion,after,0
1919,new,fashion,before,0
1920,experienced,electronics,before,0
1921,experienced,electronics,after,0
1922,new,living,after,0
1923,experienced,electronics,before,0
1924,new,living,after,0
1925,experienced,fashion,after,1
1926,new,living,after,0
1927,experienced,living,before,0
1928,experienced,living,after,0
1929,experienced,fashion,after,0
1930,new,electronics,before,0
1931,experienced,fashion,after,0
1932,experienced,electronics,after,0
1933,experienced,living,after,0
1934,experienced,living,after,0
1935,experienced,living,before,0
1936,experienced,living,before,0
1937,new,living,after,0
1938,experienced,electronics,after,0
1939,experienced,electronics,after,0
1940,new,living,after,1
1941,new,fashion,before,1
1942,new,fashion,before,1
1943,experienced,living,before,0
1944,experienced,electronics,before,0
1945,experienced,fashion,after,0
1946,experienced,fashion,before,0
1947,experienced,fashion,after,0
1948,new,living,before,0
1949,new,fashion,after,0
1950,experienced,fashion,after,0
1951,new,fashion,before,1
1952,new,fashion,before,0
1953,experienced,electronics,before,0
1954,experienced,living,after,0
1955,experienced,living,before,0
1956,experienced,electronics,after,0
1957,experienced,electronics,after,0
1958,experienced,living,after,0
1959,experienced,fashion,before,1
1960,experienced,fashion,after,0
1961,new,living,before,0
1962,experienced,fashion,before,0
1963,experienced,electronics,after,0
1964,new,fashion,after,0
1965,experienced,fashion,before,0
1966,experienced,fashion,before,0
1967,new,living,before,1
1968,new,electronics,after,1
1969,new,fashion,before,1
1970,new,living,after,0
1971,new,fashion,after,1
1972,experienced,electronics,after,0
1973,new,fashion,before,0
1974,experienced,electronics,after,0
1975,new,fashion,after,0
1976,experienced,electronics,after,0
1977,new,fashion,before,0
1978,experienced,electronics,before,0
1979,experienced,fashion,before,0
1980,experienced,fashion,after,0
1981,new,living,after,1
1982,experienced,living,after,0
1983,experienced,electronics,before,0
1984,experienced,fashion,before,0
1985,new,electronics,before,0
1986,new,living,before,0
1987,experienced,electronics,before,0
1988,experienced,electronics,after,0
1989,experienced,living,after,0
1990,experienced,fashion,after,0
1991,experienced,electronics,before,0
1992,new,living,before,1
1993,experienced,fashion,before,0
1994,new,living,after,0
1995,experienced,electronics,before,0
1996,experienced,fashion,after,0
1997,experienced,fashion,before,0
1998,new,living,after,0
1999,new,living,after,0
2000,new,living,before,1
2001,new,fashion,after,0
2002,new,fashion,before,1
2003,experienced,electronics,after,0
2004,new,fashion,before,0
2005,new,electronics,before,0
2006,experienced,living,after,0
2007,experienced,living,after,0
2008,experienced,fashion,before,0
2009,new,living,after,0
2010,experienced,living,before,0
2011,new,fashion,before,1
2012,new,electronics,after,0
2013,experienced,fashion,before,1
2014,new,electronics,before,0
2015,experienced,fashion,after,1
2016,experienced,fashion,before,0
2017,new,living,after,0
2018,experienced,fashion,before,0
2019,new,fashion,before,0
2020,experienced,electronics,before,0
2021,experienced,living,after,0
2022,experienced,electronics,after,0
2023,experienced,electronics,before,0
2024,new,living,before,0
2025,experienced,living,after,0
2026,new,living,before,0
2027,experienced,fashion,after,1
2028,experienced,living,before,0
2029,new,living,after,0
2030,experienced,living,before,1
2031,new,electronics,after,0
2032,experienced,electronics,after,0
2033,experienced,fashion,before,0
2034,experienced,electronics,before,0
2035,experienced,fashion,after,0
2036,new,electronics,after,0
2037,new,living,before,0
2038,new,electronics,before,0
2039,new,fashion,after,0
2040,new,electronics,before,1
2041,experienced,living,after,0
2042,experienced,fashion,before,1
2043,experienced,living,after,1
2044,new,living,after,0
2045,experienced,fashion,after,0
2046,experienced,living,before,0
2047,new,living,after,1
2048,experienced,electronics,before,0
2049,experienced,living,after,1
2050,new,living,after,0
2051,experienced,living,before,0
2052,experienced,living,after,0
2053,new,fashion,before,0
2054,experienced,electronics,after,0
2055,experienced,living,after,0
2056,experienced,living,after,0
2057,experienced,fashion,before,0
2058,experienced,living,before,0
2059,experienced,fashion,after,0
2060,experienced,electronics,before,0
2061,new,electronics,before,0
2062,experienced,living,before,0
2063,experienced,living,before,0
2064,experienced,living,after,0
2065,new,fashion,before,0
2066,experienced,living,after,0
2067,new,living,before,1
2068,new,electronics,before,0
2069,new,living,before,0
2070,new,electronics,before,0
2071,experienced,living,before,0
2072,experienced,electronics,after,0
2073,new,living,before,0
2074,experienced,electronics,before,0
2075,experienced,fashion,before,0
2076,experienced,electronics,before,0
2077,new,electronics,after,1
2078,experienced,electronics,after,0
2079,experienced,living,before,1
2080,experienced,living,before,0
2081,new,living,after,0
2082,new,fashion,before,0
2083,experienced,fashion,after,0
2084,experienced,electronics,before,0
2085,experienced,fashion,after,0
2086,experienced,electronics,after,0
2087,new,electronics,after,0
2088,experienced,electronics,before,0
2089,experienced,fashion,before,0
2090,new,living,before,0
2091,experienced,fashion,before,0
2092,experienced,electronics,before,0
2093,new,electronics,before,0
2094,experienced,fashion,after,0
2095,new,electronics,after,0
2096,experienced,electronics,before,0
2097,experienced,fashion,before,0
2098,experienced,fashion,after,0
2099,experienced,fashion,before,0
2100,new,electronics,after,0
2101,experienced,electronics,before,0
2102,experienced,living,before,1
2103,new,living,before,1
2104,experienced,fashion,before,0
2105,experienced,living,after,0
2106,new,electronics,after,0
2107,experienced,living,before,0
2108,experienced,electronics,after,0
2109,new,fashion,before,0
2110,experienced,fashion,after,0
2111,new,electronics,after,0
2112,new,living,before,0
2113,new,fashion,before,0
2114,experienced,fashion,before,0
2115,experienced,living,after,0
2116,new,living,after,0
2117,experienced,electronics,after,0
2118,experienced,living,after,0
2119,new,living,before,0
2120,experienced,living,before,0
2121,experienced,electronics,after,0
2122,experienced,electronics,before,0
2123,experienced,fashion,after,0
2124,experienced,electronics,before,0
2125,experienced,fashion,before,0
2126,experienced,living,before,0
2127,experienced,fashion,after,1
2128,new,fashion,before,0
2129,experienced,living,after,1
2130,experienced,fashion,before,0
2131,new,electronics,after,0
2132,new,electronics,after,0
2133,experienced,electronics,before,0
2134,experienced,electronics,after,0
2135,experienced,fashion,before,0
2136,experienced,fashion,before,0
2137,new,living,before,0
2138,experienced,fashion,after,0
2139,new,fashion,after,0
2140,experienced,fashion,after,0
2141,experienced,living,after,0
2142,experienced,electronics,after,0
2143,experienced,fashion,before,0
2144,new,living,after,0
2145,experienced,living,before,0
2146,experienced,living,after,0
2147,experienced,electronics,after,0
2148,new,fashion,after,0
2149,experienced,living,after,0
2150,experienced,electronics,before,0
2151,new,living,after,1
2152,new,living,before,0
2153,experienced,living,after,0
2154,experienced,living,after,0
2155,new,living,after,1
2156,new,electronics,after,1
2157,new,fashion,before,1
2158,new,fashion,before,0
2159,experienced,fashion,after,0
2160,experienced,fashion,before,0
2161,experienced,electronics,before,0
2162,experienced,electronics,after,0
2163,new,electronics,after,0
2164,experienced,living,after,0
2165,experienced,living,before,0
2166,experienced,living,after,0
2167,experienced,fashion,before,0
2168,new,living,after,0
2169,experienced,fashion,before,0
2170,new,living,after,0
2171,experienced,fashion,before,0
2172,new,living,before,0
2173,new,living,after,0
2174,experienced,electronics,after,0
2175,new,living,before,0
2176,experienced,living,after,0
2177,new,electronics,before,1
2178,experienced,fashion,after,0
2179,experienced,electronics,after,0
2180,experienced,electronics,before,0
2181,new,fashion,after,0
2182,new,living,before,0
2183,new,fashion,before,1
2184,new,living,after,0
2185,experienced,living,after,0
2186,experienced,fashion,before,0
2187,experienced,electronics,before,0
2188,experienced,fashion,before,0
2189,experienced,living,after,0
2190,experienced,fashion,before,0
2191,new,fashion,before,0
2192,experienced,living,before,0
2193,experienced,electronics,before,0
2194,experienced,fashion,before,0
2195,new,living,before,0
2196,experienced,living,before,0
2197,experienced,fashion,before,0
2198,experienced,electronics,after,0
2199,experienced,fashion,before,0
2200,new,electronics,after,0
2201,experienced,electronics,after,0
2202,new,electronics,after,0
2203,experienced,electronics,after,0
2204,new,fashion,before,0
2205,experienced,living,before,1
2206,experienced,living,before,0
2207,new,living,before,0
2208,experienced,living,after,0
2209,new,living,after,0
2210,experienced,living,after,0
2211,experienced,fashion,before,0
2212,experienced,electronics,after,0
2213,new,living,before,1
2214,experienced,fashion,before,0
2215,experienced,living,before,0
2216,new,living,after,0
2217,experienced,electronics,before,0
2218,new,electronics,after,0
2219,experienced,electronics,after,0
2220,new,living,after,0
2221,experienced,living,before,0
2222,experienced,living,after,0
2223,new,electronics,after,1
2224,new,fashion,before,0
2225,new,living,before,0
2226,experienced,living,before,0
2227,new,living,before,0
2228,experienced,fashion,after,0
2229,new,living,after,0
2230,new,fashion,before,0
2231,experienced,living,after,0
2232,new,fashion,after,1
2233,experienced,living,before,0
2234,experienced,electronics,after,0
2235,experienced,electronics,after,0
2236,experienced,electronics,after,0
2237,experienced,electronics,before,0
2238,new,living,after,0
2239,new,electronics,before,0
2240,new,fashion,after,0
2241,experienced,electronics,before,0
2242,new,electronics,after,0
2243,experienced,electronics,before,1
2244,experienced,living,before,0
2245,experienced,electronics,after,0
2246,experienced,fashion,before,0
2247,new,electronics,after,0
2248,experienced,electronics,after,0
2249,experienced,electronics,after,0
2250,new,fashion,before,0
2251,new,electronics,after,0
2252,experienced,fashion,after,0
2253,experienced,fashion,after,0
2254,experienced,electronics,before,0
2255,experienced,fashion,before,0
2256,experienced,living,after,0
2257,experienced,electronics,before,0
2258,experienced,electronics,before,1
2259,new,fashion,before,0
2260,experienced,fashion,after,1
2261,experienced,electronics,after,0
2262,experienced,living,after,1
2263,experienced,fashion,before,0
2264,experienced,fashion,before,0
2265,experienced,living,after,0
2266,experienced,living,after,0
2267,experienced,electronics,after,0
2268,experienced,living,after,0
2269,new,electronics,before,0
2270,experienced,living,after,0
2271,new,fashion,before,0
2272,new,electronics,before,1
2273,experienced,electronics,after,0
2274,experienced,electronics,before,1
2275,experienced,living,before,1
2276,experienced,fashion,before,0
2277,experienced,electronics,before,0
2278,experienced,electronics,after,0
2279,experienced,electronics,before,0
2280,new,electronics,before,1
2281,new,fashion,before,0
2282,new,living,before,0
2283,experienced,fashion,before,0
2284,new,electronics,after,0
2285,new,fashion,before,0
2286,new,electronics,after,0
2287,experienced,living,after,0
2288,new,living,after,0
2289,experienced,living,before,1
2290,new,electronics,before,0
2291,experienced,fashion,after,0
2292,new,living,after,0
2293,new,electronics,after,1
2294,experienced,electronics,after,0
2295,new,fashion,after,0
2296,new,living,after,1
2297,new,electronics,after,0
2298,new,fashion,before,0
2299,new,living,after,0
2300,new,fashion,after,1
2301,experienced,fashion,before,0
2302,experienced,electronics,after,0
2303,experienced,electronics,after,0
2304,new,electronics,after,0
2305,experienced,fashion,after,0
2306,new,electronics,before,0
2307,new,fashion,after,0
2308,experienced,fashion,after,0
2309,new,electronics,after,0
2310,new,living,before,0
2311,experienced,living,before,0
2312,experienced,living,after,0
2313,experienced,fashion,before,0
2314,experienced,fashion,before,0
2315,experienced,fashion,after,0
2316,new,electronics,before,0
2317,new,fashion,before,0
2318,new,electronics,before,0
2319,experienced,electronics,before,0
2320,experienced,living,after,0
2321,experienced,living,before,0
2322,experienced,living,before,0
2323,experienced,electronics,after,1
2324,new,electronics,after,0
2325,experienced,electronics,after,0
2326,experienced,fashion,before,0
2327,experienced,electronics,before,0
2328,new,living,after,0
2329,experienced,living,before,0
2330,new,electronics,after,0
2331,new,electronics,before,0
2332,new,living,before,1
2333,experienced,electronics,after,1
2334,experienced,living,after,0
2335,new,fashion,after,0
2336,new,living,before,0
2337,experienced,fashion,before,0
2338,new,electronics,after,0
2339,new,electronics,after,0
2340,experienced,fashion,before,0
2341,experienced,electronics,before,0
2342,new,fashion,before,0
2343,new,electronics,after,0
2344,new,living,after,1
2345,experienced,electronics,after,1
2346,experienced,living,before,0
2347,experienced,living,after,0
2348,new,fashion,before,0
2349,experienced,electronics,after,0
2350,new,fashion,after,1
2351,experienced,electronics,before,0
2352,experienced,living,before,0
2353,experienced,living,before,1
2354,experienced,electronics,before,0
2355,experienced,electronics,after,0
2356,new,fashion,after,0
2357,experienced,electronics,after,0
2358,new,electronics,after,0
2359,experienced,electronics,after,0
2360,new,fashion,before,0
2361,new,electronics,before,1
2362,experienced,living,after,0
2363,new,fashion,before,0
2364,experienced,fashion,after,0
2365,experienced,living,before,0
2366,new,living,after,0
2367,new,living,after,0
2368,experienced,electronics,before,0
2369,new,living,before,0
2370,experienced,electronics,after,0
2371,experienced,fashion,before,0
2372,experienced,fashion,before,0
2373,experienced,living,after,0
2374,experienced,electronics,before,0
2375,experienced,living,after,0
2376,new,living,after,0
2377,new,electronics,before,1
2378,experienced,living,after,0
2379,experienced,fashion,after,1
2380,experienced,living,before,0
2381,experienced,electronics,before,0
2382,experienced,electronics,before,0
2383,experienced,fashion,before,0
2384,experienced,electronics,before,0
2385,new,electronics,before,0
2386,experienced,fashion,before,0
2387,new,living,after,0
2388,experienced,fashion,after,0
2389,experienced,living,after,0
2390,experienced,fashion,after,0
2391,new,living,after,0
2392,new,fashion,after,0
2393,experienced,living,after,0
2394,new,fashion,before,1
2395,experienced,living,after,0
2396,new,fashion,before,0
2397,new,electronics,before,0
2398,new,living,after,0
2399,experienced,fashion,before,0
2400,experienced,living,before,0
2401,new,living,after,0
2402,new,fashion,after,1
2403,experienced,living,after,0
2404,new,fashion,after,0
2405,experienced,electronics,before,0
2406,experienced,living,before,0
2407,new,electronics,after,0
2408,new,living,before,0
2409,experienced,living,after,1
2410,experienced,living,before,0
2411,experienced,fashion,before,0
2412,new,electronics,after,0
2413,experienced,living,after,0
2414,new,fashion,after,0
2415,experienced,living,before,0
2416,experienced,fashion,before,0
2417,new,living,before,0
2418,new,electronics,before,1
2419,new,electronics,before,0
2420,new,living,before,1
2421,new,fashion,after,0
2422,new,living,before,0
2423,experienced,fashion,after,0
2424,experienced,living,after,0
2425,new,fashion,before,0
2426,experienced,electronics,before,0
2427,new,living,before,0
2428,experienced,electronics,after,0
2429,new,electronics,before,0
2430,experienced,living,before,0
2431,experienced,living,after,0
2432,experienced,fashion,before,0
2433,experienced,fashion,after,0
2434,new,electronics,after,0
2435,experienced,fashion,after,0
2436,new,fashion,before,1
2437,new,living,after,0
2438,new,fashion,after,0
2439,experienced,electronics,before,0
2440,new,fashion,before,1
2441,experienced,electronics,before,0
2442,experienced,living,after,1
2443,experienced,electronics,after,0
2444,experienced,fashion,after,0
2445,experienced,living,after,0
2446,new,fashion,before,0
2447,new,living,before,0
2448,new,living,after,0
2449,new,fashion,after,1
2450,new,fashion,before,0
2451,new,living,after,0
2452,experienced,living,after,0
2453,experienced,fashion,after,0
2454,new,electronics,after,0
2455,experienced,fashion,after,0
2456,new,living,before,1
2457,experienced,fashion,after,0
2458,experienced,electronics,before,0
2459,experienced,fashion,after,0
2460,experienced,living,before,0
2461,experienced,fashion,after,0
2462,experienced,living,before,0
2463,experienced,living,before,0
2464,experienced,fashion,before,0
2465,experienced,living,after,0
2466,new,living,after,0
2467,new,electronics,before,0
2468,new,electronics,after,0
2469,experienced,electronics,after,0
2470,experienced,electronics,after,0
2471,new,living,before,0
2472,experienced,fashion,after,0
2473,experienced,living,after,0
2474,experienced,living,after,1
2475,experienced,living,after,0
2476,experienced,fashion,after,0
2477,new,electronics,after,0
2478,experienced,living,before,0
2479,new,living,before,0
2480,experienced,electronics,before,0
2481,new,living,before,0
2482,experienced,fashion,after,0
2483,experienced,living,after,0
2484,new,living,after,1
2485,experienced,electronics,before,0
2486,experienced,living,after,0
2487,experienced,living,before,1
2488,experienced,fashion,before,0
2489,experienced,electronics,before,0
2490,new,electronics,after,0
2491,new,fashion,before,0
2492,new,living,after,0
2493,experienced,electronics,before,0
2494,new,electronics,after,0
2495,experienced,living,after,0
2496,experienced,living,after,0
2497,experienced,electronics,after,0
2498,experienced,living,after,0
2499,experienced,electronics,after,0
2500,experienced,living,after,0
2501,experienced,living,before,0
2502,experienced,fashion,before,0
2503,experienced,living,before,0
2504,experienced,fashion,after,0
2505,new,living,after,0
2506,new,electronics,after,0
2507,experienced,electronics,after,0
2508,experienced,living,before,0
2509,experienced,living,after,0
2510,experienced,electronics,after,0
2511,new,living,before,0
2512,experienced,fashion,after,0
2513,experienced,fashion,before,0
2514,experienced,fashion,after,0
2515,experienced,fashion,before,0
2516,experienced,fashion,after,0
2517,new,living,after,0
2518,experienced,living,before,0
2519,experienced,fashion,before,0
2520,experienced,living,before,0
2521,experienced,living,after,0
2522,new,fashion,after,0
2523,new,living,before,0
2524,new,living,before,0
2525,experienced,living,after,0
2526,new,fashion,after,1
2527,new,living,after,0
2528,experienced,electronics,before,1
2529,new,electronics,after,0
2530,experienced,fashion,after,1
2531,experienced,electronics,after,0
2532,experienced,fashion,after,0
2533,new,electronics,after,0
2534,new,electronics,after,1
2535,experienced,electronics,before,0
2536,experienced,fashion,after,0
2537,experienced,fashion,before,0
2538,new,living,before,0
2539,experienced,fashion,before,0
2540,experienced,electronics,after,0
2541,experienced,electronics,before,0
2542,experienced,fashion,before,0
2543,experienced,fashion,before,0
2544,experienced,fashion,before,0
2545,new,living,before,0
2546,experienced,electronics,after,1
2547,new,living,after,0
2548,experienced,living,before,0
2549,experienced,electronics,after,0
2550,new,electronics,after,0
2551,new,fashion,before,0
2552,new,fashion,after,0
2553,experienced,living,after,0
2554,experienced,fashion,before,0
2555,new,fashion,before,0
2556,experienced,electronics,after,0
2557,experienced,electronics,after,0
2558,new,fashion,before,0
2559,new,electronics,after,0
2560,experienced,fashion,after,0
2561,experienced,electronics,after,0
2562,experienced,electronics,after,0
2563,new,electronics,before,0
2564,new,electronics,after,0
2565,experienced,fashion,after,0
2566,new,living,before,0
2567,new,electronics,after,0
2568,new,fashion,after,0
2569,experienced,fashion,before,0
2570,experienced,electronics,after,0
2571,experienced,living,before,1
2572,experienced,electronics,before,0
2573,new,fashion,before,1
2574,experienced,living,before,0
2575,new,fashion,after,0
2576,experienced,electronics,before,0
2577,experienced,living,after,0
2578,experienced,fashion,before,0
2579,new,fashion,after,0
2580,experienced,fashion,after,0
2581,new,electronics,after,0
2582,experienced,living,before,0
2583,experienced,electronics,before,0
2584,experienced,electronics,before,0
2585,experienced,electronics,after,0
2586,experienced,living,before,0
2587,new,electronics,after,0
2588,experienced,electronics,after,0
2589,new,electronics,before,0
2590,experienced,electronics,after,0
2591,experienced,fashion,after,0
2592,experienced,electronics,after,0
2593,experienced,fashion,before,0
2594,experienced,electronics,before,0
2595,new,living,before,0
2596,experienced,fashion,after,0
2597,new,fashion,after,1
2598,experienced,fashion,before,0
2599,new,fashion,after,0
2600,new,living,before,0
2601,experienced,electronics,after,0
2602,new,fashion,after,0
2603,experienced,living,after,0
2604,new,fashion,after,0
2605,new,electronics,before,0
2606,experienced,fashion,before,0
2607,new,living,after,0
2608,new,electronics,before,0
2609,experienced,living,before,0
2610,new,electronics,after,1
2611,experienced,electronics,before,0
2612,new,electronics,after,0
2613,new,fashion,after,1
2614,experienced,living,after,0
2615,new,living,after,1
2616,new,living,after,0
2617,new,electronics,after,0
2618,new,fashion,after,0
2619,experienced,electronics,before,0
2620,new,living,after,0
2621,experienced,fashion,after,1
2622,experienced,fashion,before,0
2623,experienced,fashion,before,0
2624,experienced,living,after,0
2625,new,fashion,before,0
2626,experienced,fashion,after,0
2627,new,electronics,after,1
2628,experienced,electronics,before,0
2629,experienced,fashion,after,0
2630,new,fashion,before,0
2631,experienced,electronics,after,0
2632,experienced,electronics,before,0
2633,new,electronics,after,0
2634,new,living,before,0
2635,experienced,living,before,0
2636,experienced,electronics,before,0
2637,experienced,fashion,before,0
2638,experienced,electronics,after,0
2639,experienced,living,before,0
2640,experienced,fashion,after,0
2641,new,living,after,0
2642,new,fashion,after,0
2643,experienced,living,after,0
2644,experienced,fashion,after,0
2645,new,fashion,before,1
2646,new,fashion,before,0
2647,experienced,fashion,after,0
2648,experienced,living,after,0
2649,experienced,living,after,0
2650,experienced,fashion,before,0
2651,new,fashion,before,0
2652,new,living,before,0
2653,new,fashion,after,0
2654,new,fashion,after,0
2655,experienced,fashion,before,0
2656,experienced,electronics,before,0
2657,experienced,fashion,after,1
2658,experienced,electronics,after,0
2659,new,fashion,before,0
2660,experienced,living,after,0
2661,experienced,electronics,after,0
2662,experienced,electronics,after,0
2663,new,fashion,after,0
2664,experienced,fashion,before,0
2665,experienced,electronics,before,0
2666,new,living,after,0
2667,new,living,before,0
2668,experienced,fashion,after,0
2669,experienced,living,after,0
2670,new,living,after,0
2671,experienced,fashion,before,0
2672,new,living,before,0
2673,experienced,fashion,after,0
2674,new,electronics,before,0
2675,experienced,fashion,after,0
2676,new,electronics,after,0
2677,new,electronics,before,0
2678,new,living,after,0
2679,new,living,before,0
2680,experienced,living,before,0
2681,new,fashion,after,0
2682,experienced,living,after,0
2683,new,electronics,after,0
2684,new,living,after,0
2685,new,living,after,0
2686,new,fashion,before,0
2687,new,fashion,before,1
2688,experienced,electronics,after,0
2689,experienced,fashion,before,0
2690,experienced,living,after,0
2691,experienced,fashion,after,0
2692,experienced,electronics,after,1
2693,new,living,before,0
2694,experienced,electronics,before,0
2695,experienced,fashion,before,0
2696,experienced,fashion,after,0
2697,experienced,electronics,after,0
2698,new,living,after,1
2699,experienced,fashion,after,0
2700,experienced,fashion,before,0
2701,experienced,living,after,0
2702,experienced,fashion,after,0
2703,new,electronics,before,1
2704,new,fashion,before,0
2705,experienced,fashion,after,0
2706,experienced,living,after,0
2707,new,electronics,before,0
2708,new,living,after,0
2709,new,fashion,before,0
2710,new,fashion,before,0
2711,experienced,living,after,0
2712,experienced,living,after,0
2713,new,living,after,0
2714,new,electronics,before,1
2715,new,fashion,before,0
2716,new,living,before,0
2717,experienced,fashion,before,0
2718,experienced,electronics,before,0
2719,experienced,electronics,before,0
2720,new,electronics,before,0
2721,experienced,electronics,before,0
2722,experienced,fashion,after,0
2723,experienced,electronics,before,0
2724,experienced,electronics,before,0
2725,new,living,after,1
2726,new,electronics,before,0
2727,new,living,after,0
2728,new,electronics,before,1
2729,new,electronics,before,0
2730,experienced,living,before,0
2731,experienced,electronics,before,1
2732,experienced,fashion,after,0
2733,new,fashion,after,1
2734,experienced,electronics,before,0
2735,experienced,fashion,before,0
2736,experienced,living,after,0
2737,experienced,electronics,before,1
2738,experienced,electronics,after,0
2739,experienced,living,before,0
2740,new,living,after,0
2741,new,living,before,0
2742,new,electronics,before,1
2743,new,living,after,1
2744,new,living,after,0
2745,experienced,fashion,after,0
2746,experienced,fashion,after,0
2747,experienced,electronics,after,0
2748,new,fashion,before,0
2749,experienced,fashion,after,0
2750,experienced,living,before,0
2751,new,living,after,0
2752,experienced,fashion,after,0
2753,new,fashion,before,0
2754,new,fashion,before,0
2755,experienced,electronics,before,0
2756,new,electronics,before,0
2757,experienced,electronics,after,0
2758,experienced,fashion,before,0
2759,experienced,fashion,before,0
2760,new,electronics,after,0
2761,new,electronics,after,0
2762,new,fashion,after,0
2763,experienced,living,after,0
2764,experienced,electronics,after,0
2765,new,fashion,after,0
2766,experienced,fashion,after,0
2767,experienced,living,after,0
2768,new,fashion,before,0
2769,experienced,fashion,before,1
2770,experienced,electronics,after,1
2771,new,electronics,after,0
2772,new,living,after,0
2773,experienced,living,after,0
2774,experienced,fashion,after,0
2775,experienced,electronics,after,0
2776,experienced,living,after,1
2777,new,living,after,0
2778,new,living,before,1
2779,experienced,fashion,before,0
2780,new,electronics,after,0
2781,new,living,before,0
2782,experienced,electronics,after,0
2783,experienced,living,before,0
2784,experienced,living,after,0
2785,experienced,electronics,after,0
2786,new,electronics,after,0
2787,experienced,electronics,before,0
2788,new,fashion,after,0
2789,experienced,living,after,0
2790,experienced,fashion,before,0
2791,experienced,electronics,after,0
2792,experienced,living,before,0
2793,experienced,fashion,before,0
2794,new,living,before,0
2795,experienced,fashion,after,0
2796,experienced,electronics,after,0
2797,new,fashion,after,1
2798,experienced,living,before,0
2799,experienced,living,before,0
2800,new,living,after,0
2801,experienced,living,after,0
2802,experienced,electronics,after,0
2803,experienced,fashion,before,0
2804,experienced,electronics,before,0
2805,experienced,electronics,after,0
2806,experienced,electronics,after,0
2807,experienced,living,before,0
2808,new,living,before,0
2809,experienced,living,after,0
2810,experienced,fashion,before,0
2811,new,living,after,1
2812,experienced,fashion,before,0
2813,experienced,living,before,0
2814,new,living,after,0
2815,experienced,electronics,before,0
2816,experienced,electronics,after,0
2817,experienced,electronics,after,0
2818,new,fashion,before,1
2819,new,fashion,before,0
2820,new,living,after,0
2821,experienced,fashion,before,0
2822,new,living,before,0
2823,experienced,fashion,before,1
2824,new,fashion,after,0
2825,new,fashion,after,0
2826,experienced,electronics,after,0
2827,experienced,fashion,before,0
2828,new,electronics,after,0
2829,experienced,electronics,after,0
2830,new,fashion,after,0
2831,experienced,living,after,0
2832,experienced,living,after,0
2833,new,living,after,0
2834,new,fashion,after,0
2835,new,living,before,0
2836,experienced,electronics,before,0
2837,experienced,living,before,0
2838,new,fashion,before,1
2839,experienced,living,before,0
2840,new,electronics,after,0
2841,new,fashion,before,1
2842,experienced,living,after,0
2843,experienced,fashion,after,0
2844,experienced,fashion,before,0
2845,experienced,fashion,after,0
2846,new,living,after,0
2847,experienced,fashion,before,0
2848,new,living,before,0
2849,experienced,electronics,before,0
2850,new,living,after,0
2851,experienced,electronics,before,0
2852,new,living,after,0
2853,new,fashion,after,0
2854,experienced,living,before,0
2855,new,fashion,after,0
2856,experienced,electronics,before,0
2857,new,living,after,1
2858,new,fashion,before,0
2859,new,electronics,after,0
2860,new,electronics,before,1
2861,experienced,living,after,0
2862,new,electronics,after,0
2863,experienced,fashion,before,0
2864,experienced,electronics,after,0
2865,experienced,electronics,before,0
2866,experienced,fashion,after,0
2867,experienced,electronics,after,0
2868,experienced,electronics,before,0
2869,new,electronics,before,0
2870,new,electronics,before,0
2871,experienced,fashion,after,0
2872,experienced,electronics,before,0
2873,experienced,fashion,before,0
2874,experienced,electronics,before,0
2875,experienced,electronics,before,0
2876,experienced,electronics,after,0
2877,experienced,electronics,before,0
2878,new,fashion,after,0
2879,experienced,fashion,after,0
2880,new,fashion,after,1
2881,new,living,before,1
2882,experienced,electronics,after,0
2883,new,electronics,after,0
2884,new,fashion,before,0
2885,new,living,before,1
2886,experienced,electronics,before,0
2887,experienced,fashion,before,1
2888,experienced,electronics,before,0
2889,experienced,electronics,after,0
2890,experienced,fashion,before,0
2891,new,fashion,after,0
2892,experienced,electronics,after,0
2893,experienced,electronics,before,0
2894,experienced,fashion,after,0
2895,new,electronics,before,0
2896,experienced,electronics,after,0
2897,experienced,fashion,before,0
2898,new,electronics,after,0
2899,experienced,electronics,after,0
2900,new,living,before,0
2901,new,fashion,before,1
2902,experienced,living,after,0
2903,new,living,before,0
2904,experienced,living,after,0
2905,experienced,electronics,after,0
2906,new,electronics,before,0
2907,experienced,living,before,1
2908,new,living,before,1
2909,new,living,before,0
2910,new,electronics,after,0
2911,new,living,after,0
2912,new,living,before,0
2913,experienced,fashion,before,0
2914,experienced,fashion,before,0
2915,new,electronics,before,0
2916,experienced,fashion,after,1
2917,experienced,fashion,before,0
2918,experienced,fashion,after,0
2919,experienced,electronics,after,0
2920,new,fashion,after,0
2921,new,electronics,before,0
2922,experienced,living,after,0
2923,experienced,fashion,after,0
2924,new,electronics,after,0
2925,new,fashion,before,0
2926,experienced,living,before,0
2927,experienced,electronics,after,0
2928,experienced,electronics,before,0
2929,experienced,electronics,before,1
2930,new,living,after,0
2931,experienced,living,before,0
2932,experienced,living,before,0
2933,new,electronics,before,0
2934,experienced,living,after,0
2935,experienced,fashion,before,1
2936,new,living,after,0
2937,experienced,electronics,before,0
2938,experienced,fashion,before,0
2939,experienced,living,after,0
2940,new,fashion,before,0
2941,new,fashion,after,0
2942,experienced,electronics,before,0
2943,new,fashion,before,1
2944,experienced,fashion,before,0
2945,experienced,electronics,before,0
2946,new,electronics,after,1
2947,experienced,electronics,after,0
2948,experienced,fashion,before,0
2949,new,fashion,after,0
2950,experienced,fashion,after,0
2951,experienced,electronics,before,1
2952,experienced,living,before,0
2953,experienced,fashion,after,1
2954,experienced,living,after,0
2955,experienced,electronics,after,0
2956,experienced,fashion,after,0
2957,experienced,living,after,1
2958,experienced,fashion,before,0
2959,new,fashion,before,0
2960,experienced,fashion,before,0
2961,new,living,after,0
2962,new,electronics,after,0
2963,new,fashion,after,1
2964,experienced,electronics,after,1
2965,experienced,electronics,after,0
2966,experienced,living,after,0
2967,experienced,living,before,0
2968,experienced,electronics,after,0
2969,experienced,fashion,after,0
2970,experienced,living,before,0
2971,new,fashion,after,1
2972,new,fashion,after,1
2973,experienced,fashion,before,0
2974,experienced,electronics,before,0
2975,new,fashion,after,1
2976,new,electronics,after,0
2977,experienced,electronics,after,0
2978,new,fashion,before,0
2979,experienced,fashion,before,0
2980,experienced,fashion,before,0
2981,experienced,fashion,before,0
2982,new,electronics,before,1
2983,experienced,fashion,after,0
2984,experienced,fashion,before,0
2985,experienced,electronics,before,0
2986,experienced,living,before,0
2987,new,living,before,0
2988,experienced,electronics,after,0
2989,experienced,living,after,0
2990,experienced,electronics,after,0
2991,new,fashion,before,0
2992,experienced,fashion,before,0
2993,experienced,living,before,0
2994,new,fashion,before,1
2995,new,living,after,0
2996,experienced,living,before,0
2997,new,fashion,after,0
2998,new,fashion,before,1
2999,new,living,after,0
3000,experienced,fashion,after,0
